{"cameraMode":{"drawMode":0,"name":"Shaded","section":"Shading Mode"},"sceneLighting":true,"audioPlay":false,"sceneViewState":{"showFog":true,"showMaterialUpdate":false,"showSkybox":true,"showFlares":true,"showImageEffects":true,"showParticleSystems":true},"in2DMode":false,"pivot":{"x":0.07088708877563477,"y":-0.10052156448364258,"z":1.1022465229034424},"rotation":{"x":-0.11024606972932816,"y":0.09674644470214844,"z":-0.010783144272863865,"w":-0.9891257286071777},"size":3.333043336868286,"orthographic":false}