{"cameraMode":{"drawMode":0,"name":"Shaded","section":"Shading Mode"},"sceneLighting":false,"audioPlay":false,"sceneViewState":{"showFog":true,"showMaterialUpdate":false,"showSkybox":false,"showFlares":true,"showImageEffects":true,"showParticleSystems":true},"in2DMode":false,"pivot":{"x":-0.006810426712036133,"y":-0.0106697678565979,"z":-0.026099540293216707},"rotation":{"x":0.1836785525083542,"y":-0.030652843415737153,"z":0.005730321630835533,"w":0.9824916124343872},"size":3.2420010566711427,"orthographic":false}